model_name,precision,recall,f1_score,mean_train_acc,std_train_acc,test_acc
Random Forest,0.14453125,0.08525345622119816,0.1072463768115942,0.9330833333333333,0.7746891002194587,0.7746891002194587
Logistic Regression,0.14446952595936793,0.14746543778801843,0.1459521094640821,0.8825,0.7260424286759327,0.7260424286759327
Decision Tree,0.15225563909774437,0.18663594470046083,0.16770186335403728,0.8756666666666668,0.7059253840526701,0.7059253840526701
KNN,0.149439601494396,0.2764976958525346,0.19401778496362165,0.8073333333333335,0.6353328456474031,0.6353328456474031
